Comment,Designator,Footprint,LCSC,Quantity
100nF,"C401,C402,C410",C_0603_1608Metric,C14663,3
1k,"R1,R2,R3,R461,R462,R471,R472",R_0603_1608Metric,C21190,7
MMBT5551,"Q411,Q412,Q421,Q422",SOT-23-3_L2.9-W1.6-P1.90-LS2.8-BR,C2145,4
100,"R451,R452",R_0603_1608Metric,C22775,2
220,"R431,R432",R_0603_1608Metric,C22962,2
GREEN,"D1,D2,D3",LED0805-R-RD,C2297,3
47,"R481,R482,R483,R484,R485,R486,R487,R488",R_0603_1608Metric,C23182,8
10k,"R441,R442,R491,R492,R493,R494,R495,R496,R497,R498",R_0603_1608Metric,C25804,10
OLED 0.96in module on 1x4 socket 8.5 mm,J30,OLED-0.96in-4P-module-socket,C2894927,1
KF301-5.0-2P,"J411,J412",CONN-TH_P5.00_KF301-5.0-2P,C474881,2
KF128-2.54-10P,J31,CONN-TH_10P-P2.54_KF128-2.54-10P,C474928,1
KF128-5.0-2P,J32,CONN-TH_P5.00_KF128-5.0-2P,C474950,1
Module header 2x6 (shrouded),J40,IDC-Header_2x06_P2.54mm_Vertical,C48687626,1
SMA,"J10,J11,J12,J13,J14,J15,J16,J17,J18,J19,J20,J21,J22,J23,J24,J25",SMA-TH_BWSMA-KE-Z001,C496549,16
SN74AHCT541PWR,U410,TSSOP-20_L6.5-W4.4-P0.65-LS6.4-BL,C50989,1
Qwiic (vertical),J33,CONN-SMD_BM04B-SRSS-TB,C51940129,1
1N4148W,"D421,D422",SOD-123F_L2.7-W1.6-LS3.8-RD,C81598,2
6N137S-TA1-L,"U401,U402",SOP-8_L9.8-W6.6-P2.54-LS10.3-BL,C92651,2
