Designator,Val,Package,Mid X,Mid Y,Rotation,Layer
C401,100nF,C_0603_1608Metric,73.9,8.0,180.0,top
C402,100nF,C_0603_1608Metric,47.5,4.1,-90.0,top
C410,100nF,C_0603_1608Metric,39.5,9.1,0.0,top
D1,GREEN,LED0805-R-RD,116.5,13.05,180.0,top
D2,GREEN,LED0805-R-RD,116.5,10.1,180.0,top
D3,GREEN,LED0805-R-RD,116.450004,7.15,180.0,top
D421,1N4148W,SOD-123F_L2.7-W1.6-LS3.8-RD,92.55,-2.45,180.0,top
D422,1N4148W,SOD-123F_L2.7-W1.6-LS3.8-RD,65.375002,-3.705,-90.0,top
J10,SMA,SMA-TH_BWSMA-KE-Z001,75.65,38.33,0.0,top
J11,SMA,SMA-TH_BWSMA-KE-Z001,93.65,38.33,0.0,top
J12,SMA,SMA-TH_BWSMA-KE-Z001,129.65,38.33,0.0,top
J13,SMA,SMA-TH_BWSMA-KE-Z001,147.65,56.33,0.0,top
J14,SMA,SMA-TH_BWSMA-KE-Z001,147.65,74.33,0.0,top
J15,SMA,SMA-TH_BWSMA-KE-Z001,165.65,74.33,0.0,top
J16,SMA,SMA-TH_BWSMA-KE-Z001,75.65,74.33,0.0,top
J17,SMA,SMA-TH_BWSMA-KE-Z001,93.65,74.33,0.0,top
J18,SMA,SMA-TH_BWSMA-KE-Z001,111.65,74.33,0.0,top
J19,SMA,SMA-TH_BWSMA-KE-Z001,129.65,74.33,0.0,top
J20,SMA,SMA-TH_BWSMA-KE-Z001,111.65,38.33,0.0,top
J21,SMA,SMA-TH_BWSMA-KE-Z001,165.65,56.33,0.0,top
J22,SMA,SMA-TH_BWSMA-KE-Z001,75.65,56.33,0.0,top
J23,SMA,SMA-TH_BWSMA-KE-Z001,93.65,56.33,0.0,top
J24,SMA,SMA-TH_BWSMA-KE-Z001,111.65,56.33,0.0,top
J25,SMA,SMA-TH_BWSMA-KE-Z001,129.65,56.33,0.0,top
J30,OLED 0.96in module on 1x4 socket 8.5 mm,OLED-0.96in-4P-module-socket,151.05,12.85,0.0,top
J31,KF128-2.54-10P,CONN-TH_10P-P2.54_KF128-2.54-10P,144.1,-11.0,0.0,top
J32,KF128-5.0-2P,CONN-TH_P5.00_KF128-5.0-2P,110.85,-9.35,0.0,top
J33,Qwiic (vertical),CONN-SMD_BM04B-SRSS-TB,120.9875,22.25,90.0,top
J40,Module header 2x6 (shrouded),IDC-Header_2x06_P2.54mm_Vertical,33.75,-8.32,-90.0,top
J411,KF301-5.0-2P,CONN-TH_P5.00_KF301-5.0-2P,86.850001,-10.68,0.0,top
J412,KF301-5.0-2P,CONN-TH_P5.00_KF301-5.0-2P,59.375002,-10.605,0.0,top
Q411,MMBT5551,SOT-23-3_L2.9-W1.6-P1.90-LS2.8-BR,93.3,4.6,0.0,top
Q412,MMBT5551,SOT-23-3_L2.9-W1.6-P1.90-LS2.8-BR,65.375002,4.795001,0.0,top
Q421,MMBT5551,SOT-23-3_L2.9-W1.6-P1.90-LS2.8-BR,94.55,9.200001,90.0,top
Q422,MMBT5551,SOT-23-3_L2.9-W1.6-P1.90-LS2.8-BR,65.375002,9.295001,90.0,top
R1,1k,R_0603_1608Metric,123.874999,12.75,180.0,top
R2,1k,R_0603_1608Metric,123.925,10.049999,180.0,top
R3,1k,R_0603_1608Metric,123.974998,7.350001,180.0,top
R431,220,R_0603_1608Metric,92.1,0.7,90.0,top
R432,220,R_0603_1608Metric,64.4,0.8,90.0,top
R441,10k,R_0603_1608Metric,94.3,0.8,90.0,top
R442,10k,R_0603_1608Metric,66.85,0.7,90.0,top
R451,100,R_0603_1608Metric,91.45,8.9,-90.0,top
R452,100,R_0603_1608Metric,66.875002,13.795,90.0,top
R461,1k,R_0603_1608Metric,89.35,8.95,-90.0,top
R462,1k,R_0603_1608Metric,63.875002,13.795,90.0,top
R471,1k,R_0603_1608Metric,74.75,11.1,-90.0,top
R472,1k,R_0603_1608Metric,47.35,8.55,90.0,top
R481,47,R_0603_1608Metric,39.300002,4.824999,-90.0,top
R482,47,R_0603_1608Metric,37.400002,4.824999,-90.0,top
R483,47,R_0603_1608Metric,35.5,4.825,-90.0,top
R484,47,R_0603_1608Metric,33.600001,4.825,-90.0,top
R485,47,R_0603_1608Metric,31.700002,4.825,-90.0,top
R486,47,R_0603_1608Metric,29.800001,4.825,-90.0,top
R487,47,R_0603_1608Metric,27.900001,4.824999,-90.0,top
R488,47,R_0603_1608Metric,26.000002,4.824999,-90.0,top
R491,10k,R_0603_1608Metric,39.450002,20.999999,-90.0,top
R492,10k,R_0603_1608Metric,37.550002,20.999999,-90.0,top
R493,10k,R_0603_1608Metric,35.65,21.0,-90.0,top
R494,10k,R_0603_1608Metric,33.750002,21.0,-90.0,top
R495,10k,R_0603_1608Metric,31.850002,21.0,-90.0,top
R496,10k,R_0603_1608Metric,29.950001,21.0,-90.0,top
R497,10k,R_0603_1608Metric,28.050001,20.999999,-90.0,top
R498,10k,R_0603_1608Metric,26.150001,20.999999,-90.0,top
U401,6N137S-TA1-L,SOP-8_L9.8-W6.6-P2.54-LS10.3-BL,82.300001,8.72,90.0,top
U402,6N137S-TA1-L,SOP-8_L9.8-W6.6-P2.54-LS10.3-BL,54.825002,8.795,90.0,top
U410,SN74AHCT541PWR,TSSOP-20_L6.5-W4.4-P0.65-LS6.4-BL,33.8,11.825,180.0,top
